,P1,P2,P3,P4,P5
1,NA,0,0,0,0
2,NA,0,0,NA,0
3,0,0,0,NA,NA
4,NA,0,0,0,0
5,NA,0,0,0,0
6,NA,0,0,0,0
7,0,0,0,0,0
8,0,0,0,NA,NA
9,0,0,0,NA,NA
10,NA,0,0,0,0
11,0,0,0,0,0
12,0,0,0,0,0
13,1,1,0,0,0
14,1,1,0,0,0
15,0,0,0,0,0
16,NA,0,0,0,0
17,NA,0,0,0,0
18,0,0,0,0,NA
19,0,NA,NA,NA,NA
20,0,0,0,0,0
21,1,0,0,0,NA
22,1,1,0,0,0
23,0,0,0,0,0
24,0,0,0,0,NA
25,1,0,0,0,NA
26,1,1,1,1,1
27,0,0,0,0,0
28,0,0,0,0,0
29,0,0,0,0,0
30,0,0,0,0,0
31,0,0,0,0,0
32,0,0,0,0,0
33,1,1,1,0,1
34,1,0,1,1,0
35,NA,0,0,0,0
36,NA,0,0,0,0
37,0,0,NA,NA,NA
38,0,0,NA,NA,NA
39,1,1,0,0,0
40,0,0,0,0,0
41,0,0,0,0,0
42,0,0,0,0,0
43,0,0,0,0,0
44,0,0,0,0,0
45,0,0,0,0,0
46,0,NA,NA,NA,NA
47,0,0,0,0,0
48,0,0,0,0,0
49,0,0,0,0,0
50,0,0,0,0,0
51,1,1,1,1,1
52,0,0,0,0,0
53,1,1,0,0,1
54,1,0,1,0,0
55,0,0,0,0,0
56,0,0,0,0,0
57,NA,0,0,0,0
58,NA,0,0,0,0
59,NA,0,0,0,0
60,NA,0,0,0,0
61,0,0,NA,NA,NA
62,0,0,NA,NA,NA
63,NA,0,0,0,0
64,NA,0,0,0,0
65,0,0,0,NA,NA
66,1,1,0,NA,NA
67,0,0,0,0,0
68,1,1,1,0,0
69,1,1,NA,NA,NA
70,0,0,NA,NA,NA
71,NA,0,0,0,0
72,NA,0,0,0,0
73,1,1,0,0,NA
74,1,1,0,0,0
75,1,1,1,1,1
76,1,1,1,1,1
77,1,0,0,0,0
78,1,1,0,1,0
79,1,1,1,0,0
80,0,0,0,0,0
81,1,1,0,0,NA
82,0,0,0,0,NA
83,1,1,1,1,NA
84,0,0,0,0,0
85,1,1,0,0,0
86,0,0,0,0,0
87,1,1,0,1,1
88,1,1,1,NA,NA
89,1,1,0,1,1
90,1,0,NA,NA,NA
91,1,1,1,NA,NA
92,1,1,NA,NA,NA
93,0,0,NA,NA,NA
94,0,0,NA,NA,NA
95,1,1,0,NA,NA
96,0,0,0,0,0
97,0,0,0,NA,NA
98,1,0,0,NA,NA
99,0,0,NA,NA,NA
100,1,1,0,NA,NA
101,1,1,NA,NA,NA
102,0,0,0,0,0
103,1,0,0,0,0
104,0,0,0,NA,NA
105,1,1,1,1,0
106,1,1,1,1,1
107,1,1,1,1,1
108,1,1,1,1,1
109,0,0,0,0,0
110,0,0,0,0,0
111,0,0,0,0,0
112,0,0,0,0,0
113,0,0,0,0,NA
114,0,0,0,0,NA
115,0,NA,NA,NA,NA
116,0,0,0,0,0
117,1,0,1,1,0
118,0,0,0,0,0
119,1,1,1,0,0
120,1,1,1,0,0
121,0,0,0,0,0
122,0,0,0,0,0
123,0,0,0,0,NA
124,1,0,0,0,NA
125,0,0,0,0,0
126,1,1,1,0,0
127,0,0,0,0,0
128,1,1,1,1,1
129,0,0,0,0,0
130,0,0,0,0,0
131,0,0,0,NA,NA
132,0,0,NA,NA,NA
133,0,0,0,0,0
134,1,1,1,1,1
135,0,0,NA,NA,NA
136,0,0,NA,NA,NA
137,0,0,0,NA,NA
138,1,1,1,0,0
139,0,0,0,NA,NA
140,0,0,0,0,0
141,0,0,0,0,0
142,NA,0,0,0,0
143,1,0,1,0,NA
144,0,0,0,0,NA
145,0,0,0,0,NA
146,0,0,0,0,0
147,0,0,0,0,0
148,0,0,0,NA,NA
149,0,0,0,0,NA
150,0,0,0,0,NA
151,0,0,0,0,NA
152,0,0,0,0,NA
153,0,0,0,NA,NA
154,0,0,0,NA,NA
155,0,0,0,NA,NA
156,0,0,0,NA,NA
157,0,0,0,NA,NA
158,1,1,0,0,NA
159,1,0,0,0,NA
160,0,0,0,0,NA
161,0,0,0,NA,NA
162,1,1,0,NA,NA
163,0,0,0,0,NA
164,0,0,0,NA,NA
165,0,0,0,0,NA
166,1,1,1,0,NA
167,0,0,0,0,NA
168,0,1,1,NA,NA
169,1,0,1,0,NA
170,0,0,0,0,NA
171,0,0,0,0,NA
172,NA,0,0,0,0
173,NA,0,0,0,0
174,1,0,0,0,NA
175,1,1,1,1,NA
176,1,0,0,0,0
177,1,0,0,1,0
178,0,0,0,0,NA
179,1,0,0,0,NA
180,1,1,0,0,NA
181,0,0,0,0,NA
182,0,0,0,0,NA
183,0,0,0,0,NA
184,1,0,1,0,0
185,0,0,1,1,0
186,0,0,0,0,NA
187,0,0,0,0,NA
188,0,0,0,0,0
189,1,0,0,0,NA
190,1,1,1,0,NA
191,NA,1,1,1,0
192,NA,0,0,0,0
193,NA,0,0,0,0
194,NA,0,0,0,0
195,NA,0,0,0,0
196,NA,0,0,0,0
197,1,1,1,0,NA
198,1,1,1,1,0
199,1,1,1,1,1
200,0,0,0,0,0
201,1,1,1,0,0
202,0,0,0,0,0
203,NA,NA,NA,0,NA
204,0,0,0,0,NA
205,1,0,0,0,NA
206,1,1,1,1,NA
207,1,0,0,0,NA
208,0,0,NA,NA,NA
209,1,1,1,0,NA
210,0,0,0,0,NA
211,0,0,0,0,NA
212,0,0,0,0,NA
213,0,0,0,0,NA
214,0,0,0,0,NA
215,1,1,1,1,NA
216,0,0,0,0,NA
217,NA,0,NA,NA,NA
218,NA,0,0,0,0
219,NA,0,1,0,1
220,NA,1,1,1,1
221,NA,1,1,1,1
222,NA,0,0,0,0
223,0,0,NA,NA,NA
224,1,1,1,1,0
225,1,1,0,0,0
226,0,0,0,0,0
227,0,0,0,0,0
228,0,0,0,0,0
229,0,0,0,0,0
230,1,0,0,0,0
231,1,1,0,0,0
232,1,1,NA,NA,NA
233,0,0,NA,NA,NA
234,0,0,NA,NA,NA
235,1,1,NA,NA,NA
236,NA,0,0,0,0
237,NA,0,0,0,0
238,NA,0,1,0,0
239,NA,0,1,1,1
240,1,1,0,NA,NA
241,0,0,NA,NA,NA
242,1,1,1,0,0
243,1,1,1,1,0
244,0,0,0,0,0
245,0,0,0,0,0
246,0,0,0,0,0
247,NA,NA,0,NA,0
248,0,0,0,NA,NA
249,0,0,0,NA,NA
250,0,0,0,NA,NA
251,0,0,0,NA,NA
252,0,0,0,NA,NA
253,0,0,NA,NA,NA
254,0,0,0,NA,NA
255,NA,0,0,0,0
256,NA,1,1,0,1
257,1,0,0,NA,NA
258,0,0,NA,NA,NA
259,0,0,0,NA,NA
260,1,1,1,1,0
261,1,0,1,0,0
262,0,0,0,NA,NA
263,1,1,1,0,0
264,1,1,NA,NA,NA
265,1,1,NA,NA,NA
266,0,0,NA,NA,NA
267,0,0,NA,NA,NA
268,0,0,0,NA,NA
269,0,0,0,NA,NA
270,0,0,0,NA,NA
271,0,NA,NA,NA,NA
272,0,0,NA,NA,NA
273,0,0,NA,NA,NA
274,0,0,NA,NA,NA
275,0,0,NA,NA,NA
276,0,0,0,NA,NA
277,0,0,0,NA,NA
278,1,1,1,1,1
279,1,1,0,1,0
280,1,1,1,0,0
281,0,1,1,0,0
282,1,1,1,0,0
283,0,0,0,0,0
284,0,0,0,0,0
285,0,0,0,0,0
286,1,0,0,0,0
287,0,0,0,0,0
288,1,1,NA,NA,NA
289,0,0,NA,NA,NA
290,0,0,0,NA,NA
291,0,0,0,0,0
292,0,0,0,0,0
293,1,0,0,NA,NA
294,0,0,NA,NA,NA
295,0,0,NA,NA,NA
296,0,0,0,NA,NA
297,0,0,0,0,0
298,0,0,0,0,0
299,0,0,0,0,0
300,0,0,0,0,0
301,0,0,0,0,0
302,0,0,0,0,0
303,1,0,0,0,0
304,0,0,0,0,0
305,0,0,0,0,0
306,1,1,1,0,0
307,1,1,1,1,0
308,1,1,1,0,0
309,1,1,0,1,1
310,0,0,0,0,0
311,0,0,0,0,0
312,0,0,0,0,0
313,0,0,0,0,0
314,0,0,0,0,0
315,1,0,0,0,1
316,0,0,0,0,0
317,0,0,0,0,0
318,1,1,0,0,0
319,1,0,1,0,1
320,1,1,1,1,1
321,0,0,0,0,0
322,0,0,0,0,0
323,0,0,0,0,0
324,0,NA,NA,NA,NA
325,0,0,0,0,NA
326,0,0,0,0,NA
327,0,0,0,0,NA
328,0,0,0,0,NA
329,1,1,0,0,NA
330,0,0,0,0,NA
331,0,0,0,0,0
332,0,0,0,0,0
333,0,0,0,0,0
334,0,0,0,0,0
335,0,0,0,0,0
336,0,0,0,0,0
337,1,1,1,0,0
338,0,0,0,0,NA
339,0,0,0,0,0
340,1,1,1,0,0
341,0,0,0,0,0
342,0,0,0,0,0
343,0,0,0,0,NA
344,0,0,0,0,NA
345,0,0,0,0,0
346,0,0,0,0,0
347,0,0,0,0,0
348,0,0,0,0,0
349,0,0,0,0,0
350,1,1,1,1,1
351,0,1,1,1,0
352,0,0,0,0,0
353,1,0,1,0,0
354,0,0,0,0,0
355,0,0,0,0,0
356,0,0,0,0,NA
357,0,0,0,0,0
358,0,0,0,0,0
359,0,0,0,0,0
360,1,1,1,0,0
361,0,0,0,0,0
362,0,0,0,0,0
363,0,0,0,0,0
364,0,0,0,0,0
365,NA,1,1,1,0
366,NA,0,0,0,0
367,0,0,0,0,0
368,0,0,0,0,0
369,1,1,1,0,1
370,1,1,1,1,1
371,0,0,0,0,0
372,0,0,0,0,0
373,0,0,0,0,0
374,0,0,0,0,0
375,0,0,0,0,0
376,0,0,0,0,0
377,0,0,0,0,0
378,1,1,1,0,0
379,0,0,0,0,0
380,0,0,0,0,0
381,1,1,1,1,1
382,1,1,1,1,1
383,0,0,0,0,0
384,0,0,0,0,0
385,0,0,0,0,0
386,0,0,0,0,0
387,0,0,0,0,0
388,1,0,0,0,0
389,0,0,0,1,1
390,0,0,0,0,0
391,0,0,0,0,0
392,0,0,0,0,0
393,0,0,0,0,0
394,0,0,0,0,0
395,0,0,0,0,0
396,0,0,0,0,0
397,1,1,1,1,1
398,1,1,1,1,1
399,1,1,1,1,1
400,0,0,1,1,0
401,1,1,0,1,1
402,1,0,NA,NA,NA
403,0,0,0,NA,NA
404,1,1,0,0,0
405,1,0,0,0,0
406,1,1,1,1,1
407,1,1,1,0,NA
408,NA,NA,NA,NA,0
409,1,1,1,1,0
410,0,0,0,0,0
411,1,1,0,1,1
412,1,1,0,0,NA
413,0,0,0,0,NA
414,0,0,0,0,0
415,0,0,0,0,0
416,1,1,1,0,0
417,0,0,0,0,0
418,NA,0,0,0,0
419,NA,0,0,0,0
420,1,1,NA,NA,NA
421,0,0,NA,NA,NA
422,1,1,0,0,0
423,0,0,0,0,0
424,0,0,0,0,0
425,0,0,0,0,0
426,0,0,0,0,NA
427,0,0,0,0,NA
428,NA,0,0,0,0
429,NA,0,0,0,0
430,NA,0,0,0,0
431,NA,0,0,0,0
432,NA,0,0,0,0
433,NA,1,1,1,1
434,1,1,1,1,1
435,1,1,1,1,1
436,0,0,0,0,0
437,0,0,0,0,0
438,0,0,0,0,0
439,1,1,0,0,0
440,0,1,1,0,0
441,0,0,0,0,NA
442,0,0,0,0,NA
443,0,0,0,0,NA
444,1,1,1,1,NA
445,0,0,0,0,NA
446,0,0,0,0,NA
447,0,1,1,0,NA
448,1,1,0,0,NA
449,1,1,1,0,NA
450,0,1,1,0,NA
451,0,0,0,0,NA
452,0,0,0,0,0
453,1,1,1,0,0
454,NA,0,0,0,0
455,NA,1,1,1,1
456,NA,0,0,0,0
457,NA,0,0,0,0
458,NA,0,0,0,0
459,NA,1,1,0,0
460,NA,0,1,1,0
461,NA,0,0,0,0
462,NA,0,0,0,0
463,NA,1,1,0,1
464,NA,1,1,0,1
465,NA,0,0,0,0
466,NA,1,1,1,1
467,0,0,0,0,NA
468,0,0,0,0,NA
469,0,0,NA,NA,NA
470,0,0,NA,NA,NA
471,1,0,1,0,0
472,1,0,0,0,0
473,1,1,1,NA,NA
474,1,0,1,0,0
475,0,0,NA,NA,NA
476,1,1,1,0,1
477,1,1,1,1,0
478,0,0,0,0,0
479,0,0,0,0,0
480,1,0,1,0,0
481,1,1,1,0,0
482,1,1,1,1,0
483,1,1,1,0,0
484,1,0,1,0,0
485,1,1,1,0,0
486,0,0,0,0,0
487,0,0,1,0,0
488,0,0,0,0,0
489,0,0,0,0,0
490,0,0,0,0,NA
491,0,0,0,0,0
492,0,0,0,0,0
493,0,0,0,0,0
494,0,0,0,0,0
495,1,0,1,0,0
496,1,0,1,1,1
497,1,1,0,0,0
498,1,1,1,1,0
499,1,0,0,0,0
500,0,0,0,0,0
501,1,0,0,0,0
502,0,0,0,0,0
503,1,1,NA,NA,NA
504,1,1,0,0,NA
505,0,0,0,0,NA
506,1,1,1,1,NA
507,1,1,1,1,NA
508,0,0,0,0,NA
509,0,0,0,0,NA
510,0,1,1,1,1
511,1,1,1,1,1
512,1,1,0,1,0
513,0,0,0,0,0
514,0,0,0,0,0
515,1,1,1,1,0
516,1,0,0,0,NA
517,1,1,1,0,NA
518,0,0,0,0,NA
519,0,0,0,0,NA
520,0,0,0,0,0
521,0,0,0,0,0
522,0,0,0,0,NA
523,1,1,0,0,NA
524,0,0,0,0,NA
525,0,0,0,0,0
526,0,1,1,0,0
527,1,1,1,0,0
528,1,1,1,0,0
529,1,1,1,1,1
530,0,0,0,0,0
531,0,0,0,0,NA
532,0,0,0,0,NA
533,0,0,0,0,NA
534,1,0,1,0,NA
535,0,0,0,0,NA
536,0,0,0,0,NA
537,1,1,1,0,0
538,1,1,1,1,1
539,0,0,0,0,NA
540,0,0,0,0,NA
541,1,1,NA,NA,NA
542,1,1,1,1,0
543,1,1,1,1,1
544,0,1,1,0,0
545,0,0,0,0,NA
546,0,0,0,0,NA
547,0,0,0,0,0
548,1,0,0,1,0
549,0,0,0,0,NA
550,0,0,0,0,NA
551,0,0,0,NA,NA
552,1,0,1,NA,NA
553,0,0,0,0,0
554,1,0,0,0,0
555,1,0,1,0,0
556,0,0,0,0,0
557,1,1,1,1,1
558,1,1,0,1,1
559,0,0,0,NA,NA
560,0,0,0,NA,NA
561,0,0,0,0,NA
562,1,1,0,1,NA
563,0,0,0,0,NA
564,1,0,0,0,NA
565,1,1,1,0,NA
566,1,1,0,0,NA
567,1,0,0,0,1
568,1,0,1,1,0
569,1,1,1,0,1
570,1,1,1,0,0
571,1,1,1,1,1
572,0,0,0,NA,NA
573,0,0,0,NA,NA
574,0,0,0,NA,NA
575,0,0,0,NA,NA
576,0,0,0,NA,NA
577,0,0,0,NA,NA
578,1,1,1,1,NA
579,1,1,1,0,0
580,1,1,1,1,0
581,1,1,1,1,0
582,0,1,1,0,0
583,0,0,0,NA,NA
584,0,0,0,NA,NA
585,0,0,0,NA,NA
586,0,0,0,NA,NA
587,0,0,0,0,NA
588,0,0,0,0,NA
589,0,0,0,NA,NA
590,0,0,0,NA,NA
591,0,0,0,0,NA
592,0,0,0,0,NA
593,0,0,0,0,NA
594,1,1,0,0,NA
595,1,1,1,1,0
596,1,1,0,0,0
597,0,0,0,NA,NA
598,0,0,0,NA,NA
599,0,0,0,NA,NA
600,0,0,0,0,NA
601,0,0,0,0,NA
602,0,0,0,0,NA
603,1,1,1,0,NA
604,0,0,0,0,NA
605,0,0,0,0,NA
606,1,0,0,0,0
607,1,1,1,1,0
608,0,0,0,NA,NA
609,0,0,0,NA,NA
610,0,0,0,0,NA
611,0,0,0,0,NA
612,0,0,0,0,NA
613,0,0,0,0,NA
614,0,0,0,0,NA
615,0,0,0,0,NA
616,0,0,0,0,NA
617,0,0,0,0,NA
618,0,0,0,0,NA
619,0,0,0,0,NA
620,1,1,1,0,0
621,1,0,1,0,0
622,0,0,0,0,NA
623,0,0,0,0,NA
624,0,0,0,0,0
625,0,0,0,0,0
626,0,0,0,0,NA
627,0,0,0,0,NA
628,0,0,0,0,NA
629,0,0,0,0,NA
630,1,0,1,1,0
631,1,0,1,1,1
632,0,0,0,0,NA
633,0,0,0,0,NA
634,0,0,0,0,NA
635,0,0,0,0,NA
636,0,0,0,0,0
637,1,1,1,0,0
638,0,0,0,0,0
639,0,1,1,0,0
640,0,0,0,0,NA
641,1,0,0,0,NA
642,0,0,0,0,NA
643,0,0,0,0,NA
644,1,0,0,0,NA
645,0,0,0,0,NA
646,1,1,1,1,NA
647,1,1,1,1,NA
648,1,0,0,0,NA
649,1,1,1,0,NA
650,0,0,0,0,NA
651,0,0,0,0,NA
652,1,1,0,0,NA
653,1,1,1,1,NA
654,1,1,1,1,NA
655,1,1,1,0,NA
656,0,0,0,0,NA
657,0,0,0,NA,NA
658,0,0,0,NA,NA
659,0,0,0,NA,NA
660,0,0,0,0,NA
661,0,0,0,0,NA
662,0,0,0,0,NA
663,0,0,0,0,NA
664,0,0,0,0,NA
665,1,1,0,1,NA
666,0,0,0,0,NA
667,0,0,0,0,NA
668,0,0,0,0,NA
669,0,0,0,0,NA
670,0,0,0,0,NA
671,1,0,0,0,NA
672,1,1,0,0,NA
673,1,1,1,1,NA
674,1,0,1,1,NA
675,1,0,0,1,NA
676,1,1,0,0,0
677,0,1,0,0,0
678,1,1,1,NA,NA
679,1,1,1,NA,NA
680,0,0,0,NA,NA
681,0,0,0,NA,NA
682,0,0,0,NA,NA
683,0,0,0,NA,NA
684,1,1,1,0,0
685,1,1,1,1,0
686,1,1,1,0,0
687,1,1,1,0,0
688,0,0,NA,NA,NA
689,0,0,NA,NA,NA
690,1,1,1,NA,NA
691,1,1,1,NA,NA
692,1,0,0,1,0
693,0,1,1,1,0
694,0,0,NA,NA,NA
695,0,0,NA,NA,NA
696,0,0,0,NA,NA
697,0,0,0,NA,NA
698,0,0,0,0,0
699,1,0,0,0,0
700,1,1,0,0,0
701,1,1,1,1,1
702,1,1,1,0,0
703,1,1,1,0,0
704,0,0,NA,NA,NA
705,1,1,NA,NA,NA
706,0,0,0,NA,NA
707,0,0,0,NA,NA
708,0,0,0,0,0
709,0,0,0,0,0
710,0,0,0,0,0
711,0,0,0,0,0
712,1,1,1,0,0
713,1,1,0,1,0
714,1,0,0,0,0
715,1,1,0,1,1
716,0,0,NA,NA,NA
717,0,0,0,0,0
718,1,1,0,0,0
719,1,1,1,0,NA
720,1,1,1,1,NA
721,1,1,1,0,NA
722,0,0,0,0,0
723,0,0,0,0,0
724,0,0,0,0,0
725,0,0,0,0,0
726,1,1,0,NA,NA
727,0,0,0,0,NA
728,1,1,1,1,NA
729,1,1,1,0,NA
730,0,0,0,0,0
731,0,0,0,0,0
732,1,0,0,NA,NA
733,0,0,0,NA,NA
734,0,0,0,NA,NA
735,1,1,1,1,0
736,1,1,1,0,0
737,1,1,1,0,0
738,1,1,1,1,1
739,0,0,0,NA,NA
740,0,0,0,NA,NA
741,0,0,0,NA,NA
742,1,1,0,NA,NA
743,0,0,0,NA,NA
744,0,0,0,NA,NA
745,1,1,1,1,NA
746,1,1,1,1,NA
747,0,0,0,0,0
748,1,1,1,1,0
749,1,0,NA,NA,NA
750,1,0,NA,NA,NA
751,0,0,NA,NA,NA
752,1,1,0,1,0
753,0,0,0,0,0
754,1,0,1,0,0
755,1,1,1,0,1
756,0,0,0,NA,NA
757,0,0,0,0,NA
758,0,0,0,NA,NA
759,0,0,0,NA,NA
760,1,0,NA,NA,NA
761,1,1,1,1,NA
762,1,1,1,0,NA
763,0,0,0,NA,NA
764,0,0,0,NA,NA
765,0,0,0,NA,NA
766,0,0,0,NA,NA
767,1,1,1,0,0
768,0,0,0,0,0
769,0,0,NA,NA,NA
770,0,0,NA,NA,NA
771,0,0,NA,NA,NA
772,1,1,1,1,0
773,1,1,1,1,1
774,0,0,0,0,0
775,1,1,1,1,0
776,0,0,0,NA,NA
777,1,0,0,NA,NA
778,0,0,0,NA,NA
779,0,0,0,NA,NA
780,0,0,0,NA,NA
781,0,0,0,NA,NA
782,1,1,1,1,NA
783,0,0,0,0,0
784,1,1,0,0,0
785,1,1,1,0,0
786,1,0,0,0,0
787,1,1,1,1,0
788,0,0,0,0,NA
789,0,0,0,0,NA
790,0,0,0,0,NA
791,0,0,0,0,NA
792,1,1,1,0,NA
793,0,0,0,0,NA
794,1,1,1,1,1
795,1,1,1,0,1
796,1,0,0,0,0
797,0,0,0,0,0
798,0,0,0,0,NA
799,1,0,0,0,0
800,1,0,1,0,0
801,0,0,0,0,0
802,0,0,0,0,0
803,1,0,1,1,0
804,0,0,0,0,0
805,0,0,0,0,NA
806,0,0,0,0,NA
807,0,0,0,0,NA
808,0,0,0,0,NA
809,0,0,0,0,NA
810,0,0,0,0,NA
811,0,0,0,0,0
812,1,1,0,0,0
813,0,0,0,0,0
814,0,0,0,0,0
815,0,0,0,0,0
816,0,0,0,0,0
817,1,0,1,0,0
818,1,1,1,0,0
819,1,1,1,1,0
820,0,0,1,1,0
821,0,0,0,0,NA
822,0,0,0,0,NA
823,1,1,0,1,1
824,0,0,0,0,0
825,0,0,0,0,NA
826,0,0,0,0,NA
827,1,1,1,1,0
828,1,1,1,0,0
829,1,1,1,1,0
830,0,0,1,1,0
831,0,0,0,0,NA
832,1,0,0,0,NA
833,1,1,1,1,0
834,1,1,1,1,1
835,0,0,NA,NA,NA
836,0,0,0,0,0
837,1,1,0,0,1
838,1,1,1,0,1
839,0,0,0,0,0
840,1,1,1,1,0
841,0,0,0,0,NA
842,0,0,0,0,NA
843,0,0,0,0,NA
844,0,0,0,0,NA
845,0,0,0,0,0
846,1,1,1,1,0
847,1,1,0,0,1
848,1,1,1,1,0
849,1,1,0,0,NA
850,0,0,0,0,NA
851,0,0,0,0,0
852,0,0,0,0,0
853,0,0,0,0,0
854,0,0,0,0,0
855,1,1,NA,NA,NA
856,0,0,0,0,NA
857,1,1,1,1,NA
858,1,1,1,0,NA
859,1,0,1,0,NA
860,0,0,0,0,0
861,0,0,0,0,0
862,1,1,1,0,0
863,1,1,1,0,0
864,0,0,0,0,0
865,0,0,0,0,0
866,0,0,0,0,NA
867,1,0,0,0,NA
868,1,1,1,0,NA
869,1,0,0,1,NA
870,0,0,0,0,0
871,0,0,0,0,0
872,0,0,0,0,0
873,1,1,1,1,0
874,1,1,1,1,1
875,1,1,1,1,1
876,1,0,0,0,0
877,0,0,0,0,0
878,0,0,0,0,0
879,1,0,0,0,0
880,1,1,1,1,0
881,0,0,0,0,0
882,0,0,0,0,0
883,0,0,0,0,0
884,0,0,0,0,0
885,0,0,0,0,0
886,1,1,1,1,1
887,1,1,1,1,0
888,1,1,1,0,0
889,0,0,0,0,0
890,0,0,0,0,0
891,0,0,0,0,0
892,0,0,0,0,0
893,1,0,1,0,0
894,1,1,1,1,0
895,1,1,1,1,0
896,0,0,0,0,0
897,0,0,0,0,0
898,0,0,0,0,0
899,0,0,0,0,0
900,0,0,0,0,0
901,1,1,1,0,0
902,0,0,0,0,0
903,1,0,0,0,0
904,0,0,0,0,0
905,0,0,0,0,0
906,0,0,0,0,0
907,1,0,0,0,0
908,0,0,0,0,0
909,1,1,0,0,0
910,1,1,0,0,1
911,0,0,0,0,0
912,0,0,0,0,0
913,0,0,0,0,0
914,1,1,1,1,1
915,1,1,1,1,1
916,1,1,1,1,0
917,1,1,1,0,0
918,1,1,1,0,0
919,0,0,0,0,0
920,1,1,1,1,1
921,1,1,1,1,0
922,1,1,0,0,0
923,1,1,1,1,1
924,1,1,1,0,0
925,NA,1,1,1,1
926,NA,1,1,1,1
927,1,1,1,0,0
928,1,1,0,0,1
929,1,1,0,0,0
930,1,0,0,0,1
931,1,1,0,0,0
932,0,0,0,0,0
933,0,0,0,0,0
934,0,0,0,0,0
935,0,0,0,0,0
936,1,0,0,0,0
937,1,1,0,0,0
938,1,1,1,1,0
939,1,1,1,1,1
940,0,0,0,0,0
941,1,1,1,1,1
942,NA,0,0,0,0
943,NA,0,1,0,0
944,NA,1,1,1,1
945,NA,1,1,1,1
946,1,1,1,0,0
947,1,1,1,0,0
948,1,1,1,1,1
949,1,1,1,0,0
950,NA,1,1,1,0
951,NA,0,0,0,0
952,1,0,1,0,0
953,1,1,0,0,0
954,1,1,1,0,NA
955,NA,1,1,1,0
956,NA,0,0,0,0
957,1,1,1,0,0
958,0,0,0,0,0
959,1,1,1,1,0
960,1,1,1,0,0
961,1,1,1,1,1
962,1,1,1,1,1
963,NA,0,0,0,0
964,NA,1,1,0,0
965,NA,1,1,1,0
966,NA,1,1,1,0
967,NA,0,0,0,0
968,NA,1,1,1,0
969,NA,1,0,0,0
970,NA,1,1,0,0
971,NA,0,1,0,1
972,NA,0,0,0,0
973,0,0,0,0,0
974,0,1,0,1,1
975,NA,1,1,0,0
976,NA,1,0,0,1
977,NA,1,1,1,1
978,NA,1,1,0,0
979,NA,1,1,1,0
980,NA,0,0,0,0
981,NA,1,1,1,1
982,NA,1,0,0,0
983,0,0,0,0,0
984,0,0,0,0,0
985,NA,0,0,0,0
986,NA,0,1,0,0
987,NA,0,0,0,0
988,NA,1,1,0,1
989,0,0,0,0,0
990,0,0,0,0,0
991,NA,0,0,0,0
992,NA,0,0,0,0
993,NA,1,1,1,1
994,NA,0,0,0,0
995,NA,0,0,0,0
996,NA,0,NA,NA,NA
997,NA,0,0,0,0
998,NA,1,1,1,0
999,NA,1,1,1,1
1000,NA,1,1,1,0
1001,1,1,1,1,1
1002,0,0,0,0,0
1003,NA,0,0,0,0
1004,NA,1,0,0,1
1005,NA,0,0,0,0
1006,NA,1,1,0,0
1007,NA,1,0,0,0
1008,NA,1,1,0,0
1009,NA,0,0,0,0
1010,NA,0,0,0,0
1011,NA,0,1,1,1
1012,NA,0,0,0,0
1013,NA,0,0,0,0
1014,NA,0,0,0,0
1015,NA,0,0,0,0
1016,NA,1,0,1,0
1017,NA,1,1,1,1
1018,NA,1,1,0,1
1019,NA,0,0,0,0
1020,NA,0,0,0,0
1021,NA,0,0,0,0
1022,NA,1,1,1,0
1023,NA,0,0,0,0
1024,NA,1,1,0,0
1025,NA,0,0,0,0
1026,NA,0,0,0,0
1027,NA,0,0,0,0
1028,NA,0,0,0,0
1029,NA,0,0,0,0
1030,NA,1,1,1,1
1031,NA,0,0,0,0
1032,NA,0,0,0,0
1033,NA,0,0,0,0
1034,NA,0,0,0,0
1035,NA,0,0,0,0
1036,NA,0,0,0,0
1037,NA,0,0,0,0
1038,NA,0,0,0,0
1039,NA,0,0,0,0
1040,NA,0,0,0,0
1041,NA,0,0,0,0
1042,NA,0,0,0,0
1043,NA,0,0,0,0
1044,NA,0,0,0,0
1045,NA,1,0,1,0
1046,NA,1,1,0,0
1047,NA,0,0,0,0
1048,NA,0,0,0,0
1049,NA,0,0,0,0
1050,NA,0,0,0,0
1051,NA,1,0,0,0
1052,NA,0,1,1,0
1053,NA,1,0,0,0
1054,NA,1,1,0,0
1055,NA,0,0,0,0
1056,NA,1,1,0,0
1057,NA,1,1,1,1
1058,NA,0,0,0,0
1059,NA,0,0,0,0
1060,NA,0,1,1,1
1061,NA,0,0,0,0
1062,NA,1,1,1,1
1063,NA,0,0,0,0
1064,NA,0,0,0,0
1065,NA,1,1,0,0
1066,NA,1,1,1,0
1067,NA,0,0,1,1
1068,NA,0,0,0,0
1069,NA,1,1,1,1
1070,NA,1,1,1,0
1071,NA,0,0,0,0
1072,NA,0,0,0,0
1073,NA,1,1,0,0
1074,NA,1,1,1,0
1075,NA,1,1,1,1
1076,NA,0,0,0,0
1077,NA,0,0,0,0
1078,NA,0,0,0,0
1079,NA,0,0,0,0
1080,NA,0,0,0,0
1081,NA,0,0,0,0
1082,NA,0,1,0,0
1083,NA,1,1,1,0
1084,NA,1,1,1,1
1085,0,0,0,0,0
1086,1,1,1,0,0
1087,1,0,0,0,0
1088,1,0,1,0,0
1089,0,0,0,0,0
1090,0,0,0,0,0
1091,1,1,1,1,NA
1092,1,1,1,1,NA
1093,1,1,1,0,0
1094,0,0,0,0,0
1095,0,0,0,0,0
1096,0,0,0,1,1
1097,NA,0,0,0,0
1098,NA,0,0,0,0
1099,1,1,1,1,NA
1100,1,1,1,1,NA
1101,0,0,0,0,0
1102,1,1,1,0,0
1103,0,0,0,0,0
1104,1,1,1,1,0
1105,1,1,1,1,0
1106,0,1,1,0,0
1107,NA,1,1,1,1
1108,NA,1,0,0,1
1109,0,1,1,0,0
1110,1,1,1,1,0
1111,1,1,1,1,NA
1112,1,1,1,1,NA
1113,1,1,1,0,0
1114,1,1,1,0,1
1115,0,0,0,0,0
1116,1,1,1,1,0
1117,1,0,0,0,0
1118,1,1,1,1,1
1119,1,1,0,0,0
1120,1,1,1,1,0
1121,1,1,1,0,NA
1122,1,1,0,0,NA
1123,NA,0,1,1,1
1124,NA,0,0,0,0
1125,NA,0,0,0,0
1126,NA,0,0,0,0
1127,NA,0,0,0,0
1128,NA,0,0,0,0
1129,NA,0,0,0,0
1130,NA,1,1,0,0
1131,0,0,0,0,0
1132,1,1,1,1,1
1133,0,0,0,0,0
1134,0,0,0,0,0
1135,NA,0,0,0,0
1136,NA,0,1,1,0
1137,1,0,0,NA,NA
1138,1,1,1,NA,NA
1139,1,1,1,1,1
1140,1,1,1,1,1
1141,NA,1,1,1,1
1142,NA,0,0,0,0
1143,1,1,1,1,1
1144,1,1,1,1,0
1145,0,0,0,NA,NA
1146,0,0,0,NA,NA
1147,NA,0,0,0,0
1148,NA,0,0,0,0
1149,NA,0,0,0,0
1150,NA,1,1,1,1
1151,NA,1,1,0,0
1152,NA,1,1,1,1
1153,1,1,1,NA,NA
1154,0,0,0,NA,NA
1155,1,1,1,1,1
1156,1,1,1,0,1
1157,1,1,0,0,0
1158,1,1,1,1,1
1159,NA,0,0,0,0
1160,NA,1,1,1,1
1161,0,0,0,0,NA
1162,1,0,0,0,NA
1163,0,1,1,0,NA
1164,0,0,0,0,NA
1165,NA,0,0,0,0
1166,NA,1,1,1,1
1167,NA,0,0,0,0
1168,NA,0,0,0,0
1169,NA,1,1,1,1
1170,NA,0,1,1,1
1171,NA,0,0,1,1
1172,NA,1,1,1,1
1173,NA,1,1,1,0
1174,NA,1,1,0,0
1175,1,1,0,NA,NA
1176,1,1,1,NA,NA
1177,1,1,0,NA,NA
1178,NA,0,0,0,0
1179,NA,0,0,1,1
1180,1,1,0,0,NA
1181,1,1,1,1,NA
1182,1,0,0,0,NA
1183,0,0,0,0,NA
1184,1,1,1,0,0
1185,NA,0,1,1,1
1186,NA,0,0,0,0
1187,0,0,0,NA,NA
1188,0,0,0,NA,NA
1189,NA,1,1,0,0
1190,NA,1,1,0,1
1191,1,1,1,NA,NA
1192,1,1,1,NA,NA
1193,0,0,0,0,0
1194,0,0,0,0,0
1195,1,1,1,0,0
1196,1,1,1,1,0
1197,0,0,0,0,0
1198,1,1,1,0,0
1199,0,0,0,NA,NA
1200,0,0,0,NA,NA
1201,0,0,0,0,0
1202,0,0,0,0,0
1203,1,1,1,0,0
1204,1,1,0,0,0
1205,NA,0,0,0,0
1206,NA,0,1,0,0
1207,0,0,0,NA,NA
1208,0,0,0,NA,NA
1209,0,0,0,0,0
1210,1,0,0,0,0
1211,1,0,0,0,0
1212,1,1,1,0,0
1213,NA,0,0,0,0
1214,NA,0,0,0,0
1215,NA,0,1,1,1
1216,NA,1,1,1,1
1217,1,1,0,NA,NA
1218,1,1,0,NA,NA
1219,NA,NA,0,0,0
1220,NA,NA,1,1,0
1221,NA,NA,0,0,0
1222,NA,NA,0,0,0
1223,0,0,0,NA,NA
1224,0,0,0,NA,NA
1225,NA,NA,0,0,0
1226,NA,NA,1,1,1
1227,NA,0,0,0,0
1228,NA,0,0,0,0
1229,0,0,0,0,NA
1230,1,1,1,1,NA
1231,NA,NA,0,0,0
1232,NA,NA,1,1,1
1233,NA,NA,0,0,0
1234,NA,NA,0,0,0
1235,NA,NA,0,0,0
1236,NA,NA,1,1,1
1237,NA,1,NA,NA,NA
1238,NA,0,0,0,0
1239,NA,NA,0,0,0
1240,NA,NA,0,0,0
1241,NA,0,0,0,0
1242,NA,1,0,0,1
1243,NA,1,1,0,0
1244,NA,0,0,0,0
1245,NA,NA,0,0,0
1246,NA,NA,0,0,0
1247,NA,NA,0,0,0
1248,NA,NA,0,0,0
1249,NA,NA,0,0,0
1250,NA,NA,0,0,0
1251,NA,NA,0,0,0
1252,NA,NA,0,1,1
1253,NA,NA,0,1,1
1254,NA,NA,1,1,0
1255,NA,NA,0,0,0
1256,NA,NA,0,0,0
1257,NA,1,0,0,0
1258,NA,1,1,0,0
1259,1,1,1,0,1
1260,1,1,1,1,1
1261,NA,NA,0,0,0
1262,NA,NA,0,0,0
1263,NA,NA,0,1,1
1264,NA,NA,0,0,0
1265,NA,NA,0,0,0
1266,NA,NA,0,0,0
1267,NA,NA,0,0,0
1268,NA,NA,0,0,0
1269,NA,1,0,NA,NA
1270,NA,0,0,0,0
1271,NA,0,0,0,0
1272,NA,1,1,1,1
1273,NA,NA,0,0,0
1274,NA,NA,0,0,0
1275,0,0,0,0,0
1276,1,1,1,1,0
1277,NA,NA,1,0,1
1278,NA,NA,0,0,0
1279,NA,NA,0,0,0
1280,NA,NA,1,1,1
1281,NA,NA,0,0,0
1282,NA,NA,0,0,0
1283,NA,0,0,0,0
1284,NA,0,0,0,0
1285,1,1,1,0,1
1286,0,1,1,0,0
1287,1,1,1,0,0
1288,1,1,1,1,1
1289,NA,0,1,0,0
1290,NA,0,0,0,0
1291,NA,NA,0,0,0
1292,NA,NA,0,0,0
1293,NA,NA,0,0,0
1294,NA,NA,0,0,0
1295,NA,0,0,0,0
1296,NA,0,0,0,0
1297,0,0,0,0,0
1298,1,1,1,1,0
1299,0,0,NA,NA,NA
1300,0,1,1,1,0
1301,NA,0,0,0,0
1302,NA,0,0,0,0
1303,NA,1,1,1,0
1304,NA,0,0,0,0
1305,NA,NA,0,0,0
1306,NA,NA,0,0,0
1307,NA,NA,1,1,1
1308,NA,NA,0,0,0
1309,1,1,0,0,0
1310,1,1,1,1,1
1311,1,1,0,0,0
1312,0,0,0,0,0
1313,0,0,0,0,0
1314,0,0,0,0,0
1315,0,0,0,0,0
1316,0,0,0,0,0
1317,1,1,1,0,0
1318,0,1,1,1,0
1319,NA,0,0,0,0
1320,NA,0,0,0,0
1321,NA,NA,1,1,0
1322,NA,NA,1,1,1
1323,0,1,0,0,0
1324,1,1,1,0,0
1325,NA,0,0,0,0
1326,NA,0,0,0,0
1327,NA,0,0,0,0
1328,NA,0,0,0,0
1329,NA,NA,0,0,NA
1330,NA,NA,0,1,1
1331,NA,NA,0,0,0
1332,NA,NA,1,1,0
1333,0,0,0,0,0
1334,1,1,1,1,0
1335,NA,0,0,0,0
1336,NA,0,1,0,1
1337,NA,0,0,0,0
1338,NA,0,0,0,0
1339,NA,0,0,0,0
1340,NA,0,0,0,0
1341,NA,NA,0,0,0
1342,NA,NA,1,1,0
1343,1,0,NA,NA,NA
1344,0,0,0,0,0
1345,1,1,1,1,1
1346,NA,NA,0,0,0
1347,NA,NA,0,0,0
1348,1,1,1,0,0
1349,0,1,1,0,0
1350,1,1,1,1,1
1351,1,1,0,0,0
1352,NA,NA,1,1,0
1353,NA,NA,1,1,0
1354,NA,1,1,0,1
1355,NA,1,1,1,1
1356,NA,1,1,1,0
1357,NA,1,1,1,0
1358,NA,1,1,0,1
1359,1,1,1,0,0
1360,1,1,1,0,1
1361,1,1,1,1,0
1362,0,0,0,0,0
1363,NA,1,1,1,1
1364,NA,1,1,1,1
1365,NA,0,0,0,0
1366,NA,0,0,0,0
1367,NA,0,0,0,0
1368,NA,0,0,0,0
1369,0,1,1,0,0
1370,1,1,1,1,0
1371,1,1,0,0,0
1372,1,1,1,1,0
1373,1,1,0,0,1
1374,1,1,1,0,0
1375,0,0,0,0,0
1376,0,0,0,0,0
1377,NA,1,0,0,0
1378,NA,1,1,0,0
1379,0,0,NA,NA,NA
1380,0,0,0,0,0
1381,1,1,1,0,0
1382,1,1,1,1,1
1383,1,1,0,0,1
1384,1,1,1,1,0
1385,1,1,1,0,1
1386,0,0,0,0,0
1387,1,1,1,0,1
1388,1,1,0,0,0
1389,NA,1,1,1,0
1390,NA,1,1,1,1
1391,1,1,1,1,0
1392,1,1,1,0,0
1393,0,NA,NA,NA,NA
1394,1,1,1,1,1
1395,0,NA,NA,NA,NA
1396,1,0,0,0,0
1397,1,0,0,0,0
1398,1,1,0,0,0
1399,1,1,1,1,1
1400,1,1,0,0,0
1401,1,1,1,0,1
1402,1,1,1,1,1
1403,1,1,0,0,0
1404,1,NA,NA,NA,NA
1405,1,1,1,0,0
1406,1,0,0,0,0
1407,1,1,1,1,1
1408,1,1,1,0,0
1409,0,1,1,0,0
1410,1,1,1,1,1
1411,0,0,1,0,1
1412,1,1,0,NA,NA
1413,1,1,1,1,0
1414,1,1,0,1,0
1415,1,1,1,0,1
1416,1,1,1,1,1
1417,1,1,1,0,1
1418,1,1,1,1,0
1419,0,0,0,0,0
1420,0,0,0,0,0
1421,1,1,1,0,0
1422,1,1,1,1,1
1423,1,1,1,0,1
1424,1,1,0,1,1
1425,0,0,0,0,0
1426,0,0,0,0,0
1427,1,1,1,1,1
1428,0,0,0,0,0
1429,0,0,0,0,0
1430,0,0,0,0,0
1431,0,0,0,0,0
1432,0,0,0,0,0
1433,0,0,0,0,0
1434,0,0,0,0,0
1435,0,0,0,0,0
1436,0,0,0,0,0
1437,0,0,0,0,0
1438,0,0,0,0,0
1439,0,0,0,0,0
1440,1,1,0,0,0
1441,0,0,0,0,0
1442,0,0,0,0,0
1443,1,0,0,0,0
1444,1,0,0,0,0
1445,0,0,0,NA,NA
1446,0,0,0,NA,NA
1447,1,1,0,0,0
1448,1,0,1,0,0
1449,0,0,0,0,0
1450,0,0,0,0,0
1451,0,0,0,0,0
1452,0,0,0,0,0
1453,0,0,0,0,0
1454,0,0,0,0,0
1455,0,0,0,0,0
1456,0,0,0,0,0
1457,0,0,0,NA,NA
1458,1,1,1,NA,NA
1459,1,0,0,NA,NA
1460,1,0,0,NA,NA
1461,0,0,0,NA,NA
1462,0,0,0,0,NA
1463,0,1,1,0,NA
1464,1,1,0,0,0
1465,1,0,1,0,0
1466,1,1,1,0,0
1467,1,1,1,1,1
1468,1,1,1,NA,NA
1469,1,0,0,NA,NA
1470,1,1,1,NA,NA
1471,1,1,0,NA,NA
1472,0,0,0,0,0
1473,1,1,1,0,0
1474,1,1,1,1,0
1475,1,1,0,1,0
1476,0,0,0,0,0
1477,1,0,0,0,0
1478,1,1,0,0,0
1479,1,1,0,0,1
1480,NA,0,0,0,0
1481,NA,1,1,1,1
1482,0,0,0,0,NA
1483,0,0,0,0,NA
1484,0,0,0,0,NA
1485,1,0,0,0,NA
1486,1,0,0,NA,NA
1487,1,1,0,NA,NA
1488,NA,0,0,0,0
1489,NA,0,0,1,1
1490,NA,0,0,0,0
1491,NA,0,0,0,0
1492,1,1,0,NA,NA
1493,1,1,1,0,NA
1494,1,1,0,0,0
1495,0,NA,NA,NA,NA
1496,NA,0,0,0,0
1497,NA,1,1,1,1
1498,0,0,0,NA,NA
1499,1,1,0,NA,NA
1500,NA,0,0,0,0
1501,NA,0,0,0,0
1502,1,0,1,0,NA
1503,0,0,0,0,NA
1504,1,1,1,1,NA
1505,0,1,1,1,0
1506,1,1,1,NA,NA
1507,1,1,1,NA,NA
1508,1,1,1,NA,NA
1509,1,1,0,NA,NA
1510,0,0,0,0,NA
1511,0,0,0,0,NA
1512,0,0,0,0,NA
1513,0,0,0,0,NA
1514,0,0,0,0,0
1515,1,1,0,NA,NA
1516,0,0,0,NA,NA
1517,0,0,0,NA,NA
1518,0,0,0,NA,NA
1519,1,0,1,0,NA
1520,0,0,0,0,NA
1521,0,0,0,NA,NA
1522,0,0,0,NA,NA
1523,NA,1,1,1,1
1524,NA,0,0,0,0
1525,0,0,0,0,0
1526,0,0,0,0,0
1527,0,0,0,0,0
1528,0,0,0,0,0
1529,0,0,0,NA,NA
1530,0,0,0,NA,NA
1531,0,0,0,0,0
1532,0,0,0,0,0
1533,1,1,0,0,1
1534,0,0,0,0,0
1535,1,1,1,1,1
1536,1,0,1,0,0
1537,1,0,1,0,0
1538,0,0,0,0,0
1539,1,1,1,0,1
1540,1,1,1,1,1
1541,0,0,0,0,0
1542,0,0,0,0,0
1543,0,0,0,0,0
1544,0,0,0,NA,NA
1545,NA,1,0,0,0
1546,NA,0,0,0,0
1547,NA,0,0,0,0
1548,NA,0,0,0,0
1549,0,0,0,0,NA
1550,1,0,0,0,0
1551,1,1,0,0,0
1552,1,0,1,0,0
1553,0,0,0,0,NA
1554,1,1,0,0,NA
1555,0,0,0,0,0
1556,1,1,0,0,0
1557,0,0,0,0,NA
1558,0,1,0,0,NA
1559,0,0,0,0,0
1560,0,0,0,0,0
1561,0,0,0,0,NA
1562,0,0,0,0,NA
1563,1,1,1,1,NA
1564,1,0,1,1,NA
1565,0,0,0,0,NA
1566,0,0,0,0,NA
1567,1,0,0,0,NA
1568,0,0,0,0,NA
1569,0,0,0,0,NA
1570,1,0,1,1,NA
1571,0,0,0,0,NA
1572,0,0,0,0,NA
1573,0,0,0,0,NA
1574,0,0,0,0,NA
1575,0,1,0,1,NA
1576,0,0,0,0,NA
1577,0,0,0,0,NA
1578,0,0,0,0,NA
1579,1,1,0,0,NA
1580,1,1,1,0,NA
1581,1,1,1,0,NA
1582,1,1,1,1,NA
1583,0,0,0,0,NA
1584,1,1,0,0,NA
1585,0,0,0,0,NA
1586,0,0,0,0,NA
1587,1,1,0,0,NA
1588,0,0,0,0,NA
1589,0,0,0,0,NA
1590,0,0,0,0,NA
1591,1,1,1,0,NA
1592,1,0,1,0,NA
1593,1,0,0,1,NA
1594,1,1,1,0,NA
1595,1,0,0,0,NA
1596,0,0,0,0,NA
1597,0,0,0,0,NA
1598,1,1,1,1,NA
1599,0,0,0,0,NA
1600,0,0,0,0,NA
1601,1,1,0,0,NA
1602,0,0,0,0,NA
1603,1,1,1,1,NA
1604,1,1,1,1,NA
1605,0,0,0,0,NA
1606,0,0,0,0,NA
1607,1,1,1,1,NA
1608,1,1,1,1,NA
1609,1,0,1,1,NA
1610,1,1,1,0,NA
1611,0,0,0,0,NA
1612,0,0,0,0,NA
1613,1,1,1,1,NA
1614,0,0,0,0,NA
1615,0,0,0,0,NA
1616,1,1,1,1,NA
1617,1,1,0,0,NA
1618,0,1,1,1,NA
1619,0,0,0,0,NA
1620,0,0,0,0,NA
1621,0,0,0,0,NA
1622,0,0,0,0,NA
1623,0,0,0,0,NA
1624,1,1,1,1,NA
1625,0,0,0,0,NA
1626,0,0,0,0,NA
1627,0,0,0,0,NA
1628,0,0,0,0,NA
1629,1,0,1,0,NA
1630,1,1,1,0,NA
1631,1,1,0,0,NA
1632,0,0,0,0,NA
1633,0,0,0,0,NA
1634,0,0,0,0,NA
1635,1,0,1,0,NA
1636,1,0,0,0,NA
